{
  "view/ObjectNotFound.view.xml": 1643267717831,
  "manifest.json": 1643301757903,
  "model/models.js": 1643267717805,
  "model/formatter.js": 1643267717805,
  "controller/Worklist.controller.js": 1643267717802,
  "controller/Object.controller.js": 1643267717802,
  "controller/NotFound.controller.js": 1643267717801,
  "controller/ErrorHandler.js": 1643267717801,
  "controller/BaseController.js": 1643267717800,
  "controller/App.controller.js": 1643267717800,
  "Component.js": 1643267717799,
  "manifest-bundle.zip": 1643301757927,
  "Component-preload.js": 1643301758474,
  "Component-dbg.js": 1643267717799,
  "model/formatter-dbg.js": 1643267717805,
  "controller/Worklist-dbg.controller.js": 1643267717802,
  "controller/Object-dbg.controller.js": 1643267717802,
  "controller/NotFound-dbg.controller.js": 1643267717801,
  "controller/ErrorHandler-dbg.js": 1643267717801,
  "controller/BaseController-dbg.js": 1643267717800,
  "controller/App-dbg.controller.js": 1643267717800,
  "model/models-dbg.js": 1643267717805,
  "view/Worklist.view.xml": 1643268190300,
  "i18n/i18n.properties": 1643267717803,
  "view/Object.view.xml": 1643268277614,
  "view/NotFound.view.xml": 1643267717828,
  "view/App.view.xml": 1643267717825,
  "index.html": 1643267717804
}